index,title,citation,internal_url,doi_urls,source_url
1,Virtual reality stimulation for neuroprotection and neuroenhancement of vision in optic neuropathy patients: a prospective clinical trial,"Healzer, K., Khatib, T., Beykin, G., Wennberg-Smith, Z., Nuñez, M., Huberman, A., & Goldberg, J. (2025). Virtual reality stimulation for neuroprotection and neuroenhancement of vision in optic neuropathy patients: a prospective clinical trial. BMC Ophthalmology, 26. https://doi.org/10.1186/s12886-025-04576-w",https://hubermanlab.stanford.edu/publications/glaucoma/virtual-reality-stimulation-neuroprotection-and-neuroenhancement-vision-optic,https://doi.org/10.1186/s12886-025-04576-w,https://hubermanlab.stanford.edu/publications
2,In conversation with Andrew Huberman,"Wiseman, S. (2023, July 10). In conversation with Andrew Huberman. Nature Neuroscience.",https://hubermanlab.stanford.edu/publications/conversation-andrew-huberman,,https://hubermanlab.stanford.edu/publications
3,Postsynaptic neuronal activity promotes regeneration of retinal axons,"Varadarajan, S., Wang, F., Dhande, O., Duan, X., & Huberman, A. (2023). Postsynaptic neuronal activity promotes regeneration of retinal axons. Cell Reports, 42(5). https://doi.org/10.1016/j.celrep.2023.112476",https://hubermanlab.stanford.edu/publications/retinal-ganglion-cells/postsynaptic-neuronal-activity-promotes-regeneration-retinal,https://doi.org/10.1016/j.celrep.2023.112476,https://hubermanlab.stanford.edu/publications
4,Brief structured respiration practices enhance mood and reduce physiological arousal,"Balban, M., Neri, E., Kogon, M., Weed, L., Nouriani, B., Jo, B., Holl, G., Zeitzer, J., Spiegel, D., & Huberman, A. (2023). Brief structured respiration practices enhance mood and reduce physiological arousal. Cell Reports Medicine. https://doi.org/10.1016/j.xcrm.2022.100895",https://hubermanlab.stanford.edu/publications/brief-structured-respiration-practices-enhance-mood-and-reduce-physiological-arousal,https://doi.org/10.1016/j.xcrm.2022.100895,https://hubermanlab.stanford.edu/publications
5,Characterization of non-alpha retinal ganglion cell injury responses reveals a possible block to restoring ipRGC function,"Hunyara, J., Foshe, S., Varadarajan, S., Gribble, K., Huberman, A., & Kolodkin, A. (2022). Characterization of non-alpha retinal ganglion cell injury responses reveals a possible block to restoring ipRGC function. Experimental Neurology. https://doi.org/10.1016/j.expneurol.2022.114176",https://hubermanlab.stanford.edu/publications/retinal-ganglion-cells/characterization-non-alpha-retinal-ganglion-cell-injury,https://doi.org/10.1016/j.expneurol.2022.114176,https://hubermanlab.stanford.edu/publications
6,Central nervous system regeneration,"Varadarajan, S., Hunyara, J., Hamilton, N., Kolodkin, A., & Huberman, A. (2022). Central nervous system regeneration. Cell, 185(1), 77-94. https://doi.org/10.1016/j.cell.2021.10.029",https://hubermanlab.stanford.edu/publications/central-nervous-system-regeneration,https://doi.org/10.1016/j.cell.2021.10.029,https://hubermanlab.stanford.edu/publications
7,Thalamus: Then and now,"Guido, W., & Huberman, A. (2021). Thalamus: Then and now. Journal of Comparative Neurology, 530(7), 943-944. https://doi.org/10.1002/cne.25288",https://onlinelibrary.wiley.com/doi/full/10.1002/cne.25288,https://doi.org/10.1002/cne.25288,https://hubermanlab.stanford.edu/publications
8,Divergent outputs of the ventral lateral geniculate nucleus mediate visually evoked defensive behaviors,"Salay, L., & Huberman, A. (2021). Divergent outputs of the ventral lateral geniculate nucleus mediate visually evoked defensive behaviors. Cell Reports, 37(1). https://doi.org/10.1016/j.celrep.2021.109792",https://hubermanlab.stanford.edu/publications/thalamus/divergent-outputs-ventral-lateral-geniculate-nucleus-mediate-visually-evoked,https://doi.org/10.1016/j.celrep.2021.109792,https://hubermanlab.stanford.edu/publications
9,Sight Restored By Turning Back the Epigenetic Clock,"Huberman, A. (2020). Sight Restored By Turning Back the Epigenetic Clock. Nature. https://www.nature.com/articles/d41586-020-03119-1",https://www.nature.com/articles/d41586-020-03119-1,,https://hubermanlab.stanford.edu/publications
10,Human Responses to Visually Evoked Threat,"Balban, M., Cafaro, E., Fletcher, L., Washington, M., Bijanzadeh, M. ., Lee, A., Chang, E., & Huberman, A. (2020). Human Responses to Visually Evoked Threat. Current Biology, 31(3), 601-612. https://doi.org/10.1016/j.cub.2020.11.035",https://hubermanlab.stanford.edu/publications/virtual-reality/human-responses-visually-evoked-threat,https://doi.org/10.1016/j.cub.2020.11.035,https://hubermanlab.stanford.edu/publications
11,Neurotoxic Reactive Astrocytes Drive Neuronal Death after Retinal Injury,"Guttenplan, K., Stafford, B. ., El-Danaf, R., Adler, D. ., Münch, A., Weigel, M., Huberman, A., & Liddelow, S. (2020). Neurotoxic Reactive Astrocytes Drive Neuronal Death after Retinal Injury. Cell Reports, 31(12). https://doi.org/10.1016/j.celrep.2020.107776",https://hubermanlab.stanford.edu/publications/astrocytes/neurotoxic-reactive-astrocytes-drive-neuronal-death-after-retinal-injury,https://doi.org/10.1016/j.celrep.2020.107776,https://hubermanlab.stanford.edu/publications
12,Neuroscience: A Chromatic Retinal Circuit Encodes Sunrise and Sunset for the Brain,"Rivera, A., & Huberman, A. (2020). Neuroscience: A Chromatic Retinal Circuit Encodes Sunrise and Sunset for the Brain. Current Biology. https://doi.org/10.1016/j.cub.2020.02.090",https://doi.org/10.1016/j.cub.2020.02.090,https://doi.org/10.1016/j.cub.2020.02.090,https://hubermanlab.stanford.edu/publications
13,Fear: It’s All in Your Line of Sight,"Yilmaz, M., & Huberman, A. (2019). Fear: It’s All in Your Line of Sight. Current Biology. https://doi.org/10.1016/j.cub.2019.10.008",https://doi.org/10.1016/j.cub.2019.10.008,https://doi.org/10.1016/j.cub.2019.10.008,https://hubermanlab.stanford.edu/publications
14,Molecular Fingerprinting of On–Off Direction-Selective Retinal Ganglion Cells Across Species and Relevance to Primate Visual Circuits,"Dhande, O., Stafford, B., Franke, K., El-Danaf, R., Percival, K., Phan, A., Li, P., Hansen, B., Nguyen, P., Berens, P., Taylor, W., Callaway, E., Euler, T., & Huberman, A. (2019). Molecular Fingerprinting of On–Off Direction-Selective Retinal Ganglion Cells Across Species and Relevance to Primate Visual Circuits. The Journal of Neuroscience, 39(1), 78-95. https://doi.org/10.1523/JNEUROSCI.1784-18.2018",https://hubermanlab.stanford.edu/publications/direction-selectivity/molecular-fingerprinting-direction-selective-retinal-ganglion,https://doi.org/10.1523/JNEUROSCI.1784-18.2018,https://hubermanlab.stanford.edu/publications
15,An Unbiased View of Neural Networks: More than Meets the Eye,"Jung, H., & Huberman, A. (2018). An Unbiased View of Neural Networks: More than Meets the Eye. Neuron. https://doi.org/10.1016/j.neuron.2018.11.038",https://doi.org/10.1016/j.neuron.2018.11.038,https://doi.org/10.1016/j.neuron.2018.11.038,https://hubermanlab.stanford.edu/publications
16,Assembly and repair of eye-to-brain connections,"Varadarajan, S., & Huberman, A. (2018). Assembly and repair of eye-to-brain connections. Current Opinion in Neurobiology. https://doi.org/10.1016/j.conb.2018.10.001",https://doi.org/10.1016/j.conb.2018.10.001,https://doi.org/10.1016/j.conb.2018.10.001,https://hubermanlab.stanford.edu/publications
17,A midline thalamic circuit determines reactions to visual threat,"Salay, L., Ishiko, N., & Huberman, A. (2018). A midline thalamic circuit determines reactions to visual threat. Nature, (557), 183-189. https://doi.org/10.1038/s41586-018-0078-2",https://hubermanlab.stanford.edu/publications/neural-circuits/midline-thalamic-circuit-determines-reactions-visual-threat,https://doi.org/10.1038/s41586-018-0078-2,https://hubermanlab.stanford.edu/publications
18,Sub‐topographic maps for regionally enhanced analysis of visual space in the mouse retina,"El-Danaf, R., & Huberman, A. (2018). Sub‐topographic maps for regionally enhanced analysis of visual space in the mouse retina. The Journal of Comparative Neurology, 527(1), 259-269. https://doi.org/10.1002/cne.24457",https://hubermanlab.stanford.edu/publications/glaucoma/sub-topographic-maps-regionally-enhanced-analysis-visual-space-mouse-retina,https://doi.org/10.1002/cne.24457,https://hubermanlab.stanford.edu/publications
19,Ben Barres (1954–2017),"Huberman, A. (2018). Ben Barres (1954–2017). Nature. https://www.nature.com/articles/d41586-017-08964-1",https://www.nature.com/articles/d41586-017-08964-1,,https://hubermanlab.stanford.edu/publications
20,Strict Independence of Parallel and Poly-synaptic Axon-Target Matching during Visual Reflex Circuit Assembly,"Seabrook, T., Dhande, O., Ishiko, N., Wooley, V., Nguyen, P., & Huberman, A. (2017). Strict Independence of Parallel and Poly-synaptic Axon-Target Matching during Visual Reflex Circuit Assembly. Cell Reports, 21(11), 3049-3064. https://doi.org/10.1016/j.celrep.2017.11.044",https://hubermanlab.stanford.edu/publications/strict-independence-parallel-and-poly-synaptic-axon-target-matching-during-visual,https://doi.org/10.1016/j.celrep.2017.11.044,https://hubermanlab.stanford.edu/publications
21,Uniformity from Diversity: Vast-Range Light Sensing in a Single Neuron Type,"Varadarajan, S., & Huberman, A. (2017). Uniformity from Diversity: Vast-Range Light Sensing in a Single Neuron Type. Cell.",https://hubermanlab.stanford.edu/publications/uniformity-diversity-vast-range-light-sensing-single-neuron-type,,https://hubermanlab.stanford.edu/publications?page=1
22,"Architecture, Function, and Assembly of the Mouse Visual System","Seabrook, T., Burbridge, T., Crair, M., & Huberman, A. (2017). Architecture, Function, and Assembly of the Mouse Visual System. Annual Review of Neuroscience. https://doi.org/10.1146/annurev-neuro-071714-033842",https://doi.org/10.1146/annurev-neuro-071714-033842,https://doi.org/10.1146/annurev-neuro-071714-033842,https://hubermanlab.stanford.edu/publications?page=1
23,Regenerating optic pathways from the eye to the brain,"Laha, B., Stafford, B., & Huberman, A. (2017). Regenerating optic pathways from the eye to the brain. Science. https://science.sciencemag.org/content/356/6342/1031",https://science.sciencemag.org/content/356/6342/1031,,https://hubermanlab.stanford.edu/publications?page=1
24,Signal Integration in Thalamus: Labeled Lines Go Cross-Eyed and Blurry,"Stafford, B., & Huberman, A. (2017). Signal Integration in Thalamus: Labeled Lines Go Cross-Eyed and Blurry. Neuron. https://doi.org/10.1016/j.neuron.2017.02.020",https://doi.org/10.1016/j.neuron.2017.02.020,https://doi.org/10.1016/j.neuron.2017.02.020,https://hubermanlab.stanford.edu/publications?page=1
25,Contributions of Retinal Ganglion Cells to Subcortical Visual Processing and Behaviors,"Dhande, O., Stafford, B., Lim, J.-H., & Huberman, A. (2016). Contributions of Retinal Ganglion Cells to Subcortical Visual Processing and Behaviors. Annual Review of Vision Science. https://doi.org/10.1146/annurev-vision-082114-035502",https://doi.org/10.1146/annurev-vision-082114-035502,https://doi.org/10.1146/annurev-vision-082114-035502,https://hubermanlab.stanford.edu/publications?page=1
26,Cortico-fugal output from visual cortex promotes plasticity of innate motor behaviour,"Liu, B.- hua, Huberman, A., & Scanziani, M. (2016). Cortico-fugal output from visual cortex promotes plasticity of innate motor behaviour. Nature, 383–387. https://doi.org/10.1038/nature19818",https://hubermanlab.stanford.edu/publications/motion-detection/cortico-fugal-output-visual-cortex-promotes-plasticity-innate-motor,https://doi.org/10.1038/nature19818,https://hubermanlab.stanford.edu/publications?page=1
27,"Neural activity promotes long-distance, target-specific regeneration of adult retinal axons","Lim, J.-H., Stafford, B., Nguyen, P., Lien, B., Wang, C., Zukor, K., He, Z., & Huberman, A. (2016). Neural activity promotes long-distance, target-specific regeneration of adult retinal axons. Nature Neuroscience, 1073–1084. https://doi.org/10.1038/nn.4340",https://hubermanlab.stanford.edu/publications/diseases/neural-activity-promotes-long-distance-target-specific-regeneration-adult,https://doi.org/10.1038/nn.4340,https://hubermanlab.stanford.edu/publications?page=1
28,Life goes by: a visual circuit signals perceptual-motor mismatch,"Ishiko, N., & Huberman, A. (2016). Life goes by: a visual circuit signals perceptual-motor mismatch. Nature Neuroscience. https://www.nature.com/articles/nn.4233",https://www.nature.com/articles/nn.4233,,https://hubermanlab.stanford.edu/publications?page=1
29,Assassins of eyesight,"Huberman, A., & El-Danaf, R. (2015). Assassins of eyesight. Nature. https://doi.org/10.1038/527456a",https://doi.org/10.1038/527456a,https://doi.org/10.1038/527456a,https://hubermanlab.stanford.edu/publications?page=1
30,Cell type–specific manipulation with GFP-dependent Cre recombinase,"Tang, J., Rudolph, S., Dhande, O., Abraira, V., Choi, S., Lapan, S., Drew, I., Drokhlyansky, E., Huberman, A., Regehr, W., & Cepko, C. (2015). Cell type–specific manipulation with GFP-dependent Cre recombinase. Nature Neuroscience, 1334–1341. https://doi.org/10.1038/nn.4081",https://hubermanlab.stanford.edu/publications/genetic-engineering/cell-type-specific-manipulation-gfp-dependent-cre-recombinase,https://doi.org/10.1038/nn.4081,https://hubermanlab.stanford.edu/publications?page=1
31,When Visual Circuits Collide: Motion Processing in the Brain,"Salay, L., & Huberman, A. (2015). When Visual Circuits Collide: Motion Processing in the Brain. Cell. https://doi.org/10.1016/j.cell.2015.06.051",https://doi.org/10.1016/j.cell.2015.06.051,https://doi.org/10.1016/j.cell.2015.06.051,https://hubermanlab.stanford.edu/publications?page=1
32,Cortical Cliques: A Few Plastic Neurons Get All the Action,"Seabrook, T., & Huberman, A. (2015). Cortical Cliques: A Few Plastic Neurons Get All the Action. Neuron. https://doi.org/10.1016/j.neuron.2015.05.039",https://doi.org/10.1016/j.neuron.2015.05.039,https://doi.org/10.1016/j.neuron.2015.05.039,https://hubermanlab.stanford.edu/publications?page=1
33,Contactin-4 Mediates Axon-Target Specificity and Functional Development of the Accessory Optic System,"Osterhout, J., Stafford, B., Nguyen, P., Yoshihara, Y. ., & Huberman, A. (2015). Contactin-4 Mediates Axon-Target Specificity and Functional Development of the Accessory Optic System. Neuron, 86(4), 985-999. https://doi.org/10.1016/j.neuron.2015.04.005",https://hubermanlab.stanford.edu/publications/contactin-4-mediates-axon-target-specificity-and-functional-development-accessory,https://doi.org/10.1016/j.neuron.2015.04.005,https://hubermanlab.stanford.edu/publications?page=1
34,Functional Assembly of Accessory Optic System Circuitry Critical for Compensatory Eye Movements,"Sun, L., Brady, C., Al-Khindi, T., Sakuta, H., Dhande, O., Noda, M., Huberman, A., Nathans, J., & Kolodkin, A. (2015). Functional Assembly of Accessory Optic System Circuitry Critical for Compensatory Eye Movements. Neuron, 86(4), 971-984. https://doi.org/10.1016/j.neuron.2015.03.064",https://hubermanlab.stanford.edu/publications/functional-assembly-accessory-optic-system-circuitry-critical-compensatory-eye,https://doi.org/10.1016/j.neuron.2015.03.064,https://hubermanlab.stanford.edu/publications?page=1
35,Characteristic patterns of dendritic remodeling in early-stage glaucoma: evidence from genetically identified retinal ganglion cell types,"El-Danaf, R., & Huberman, A. (2015). Characteristic patterns of dendritic remodeling in early-stage glaucoma: evidence from genetically identified retinal ganglion cell types. The Journal of Neuroscience, 35(6), 2329-2343. https://doi.org/10.1523/JNEUROSCI.1419-14.2015",https://hubermanlab.stanford.edu/publications/dendrites/characteristic-patterns-dendritic-remodeling-early-stage-glaucoma-evidence,https://doi.org/10.1523/JNEUROSCI.1419-14.2015,https://hubermanlab.stanford.edu/publications?page=1
36,Birthdate and Outgrowth Timing Predict Cellular Mechanisms of Axon Target Matching in the Developing Visual Pathway,"Osterhout, J., El-Danaf, R., Nguyen, P. ., & Huberman, A. (2014). Birthdate and Outgrowth Timing Predict Cellular Mechanisms of Axon Target Matching in the Developing Visual Pathway. Cell Reports, 8(4), 1006-1017. https://doi.org/10.1016/j.celrep.2014.06.063",https://hubermanlab.stanford.edu/publications/birthdate-and-outgrowth-timing-predict-cellular-mechanisms-axon-target-matching,https://doi.org/10.1016/j.celrep.2014.06.063,https://hubermanlab.stanford.edu/publications?page=1
37,Visual Circuits: Mouse Retina No Longer a Level Playing Field,"Dhande, O., & Huberman, A. (2014). Visual Circuits: Mouse Retina No Longer a Level Playing Field. Current Biology. https://doi.org/10.1016/j.cub.2013.12.045",https://doi.org/10.1016/j.cub.2013.12.045,https://doi.org/10.1016/j.cub.2013.12.045,https://hubermanlab.stanford.edu/publications?page=1
38,Dendritic and axonal targeting patterns of a genetically-specified class of retinal ganglion cells that participate in image-forming circuits,"Triplett, J., Wei, W., Gonzalez, C., Sweeney, N., Huberman, A., Feller, M., & Feldheim, D. (2014). Dendritic and axonal targeting patterns of a genetically-specified class of retinal ganglion cells that participate in image-forming circuits. Neural Development. https://doi.org/10.1186/1749-8104-9-2",https://hubermanlab.stanford.edu/publications/green-fluorescent-protein/dendritic-and-axonal-targeting-patterns-genetically,https://doi.org/10.1186/1749-8104-9-2,https://hubermanlab.stanford.edu/publications?page=1
39,Retinal ganglion cell maps in the brain: implications for visual processing,"Dhande, O., & Huberman, A. (2014). Retinal ganglion cell maps in the brain: implications for visual processing. Current Opinion in Neurobiology. https://doi.org/10.1016/j.conb.2013.08.006",https://doi.org/10.1016/j.conb.2013.08.006,https://doi.org/10.1016/j.conb.2013.08.006,https://hubermanlab.stanford.edu/publications?page=1
40,"So many pieces, one puzzle: cell type specification and visual circuitry in flies and mice","Wernet, M., Huberman, A., & Desplan, C. (2014). So many pieces, one puzzle: cell type specification and visual circuitry in flies and mice. Genes & Development. http://genesdev.cshlp.org/content/28/23/2565",http://genesdev.cshlp.org/content/28/23/2565,,https://hubermanlab.stanford.edu/publications?page=1
41,Genetic Dissection of Retinal Inputs to Brainstem Nuclei Controlling Image Stabilization,"Dhande, O., Estevez, M., Quattrochi, L., El-Danaf, R., Nguyen, P., Berson, D., & Huberman, A. (2013). Genetic Dissection of Retinal Inputs to Brainstem Nuclei Controlling Image Stabilization. The Journal of Neuroscience, 33(45), 17797-17813. https://doi.org/10.1523/JNEUROSCI.2778-13.2013",https://hubermanlab.stanford.edu/publications/genetic-dissection-retinal-inputs-brainstem-nuclei-controlling-image-stabilization,https://doi.org/10.1523/JNEUROSCI.2778-13.2013,https://hubermanlab.stanford.edu/publications?page=2
42,What can mice tell us about how vision works?,"Huberman, A., & Niell, C. (2011). What can mice tell us about how vision works?. Trends in Neuroscience. https://doi.org/10.1016/j.tins.2011.07.002",https://doi.org/10.1016/j.tins.2011.07.002,https://doi.org/10.1016/j.tins.2011.07.002,https://hubermanlab.stanford.edu/publications?page=2
43,Cadherin-6 Mediates Axon-Target Matching in a Non-Image-Forming Visual Circuit,"Osterhout, J., Josten, N., Yamada, J., Pan, F., Wu, S.- wen, Nguyen, P., Panagiotakos, G., Inoue, Y., Egusa, S., Volgyi, B., Inoue, T., Bloomfield, S., Barres, B., Berson, D., Feldheim, D., & Huberman, A. (2011). Cadherin-6 Mediates Axon-Target Matching in a Non-Image-Forming Visual Circuit. Neuron, 71(4), 632-639. https://doi.org/10.1016/j.neuron.2011.07.006",https://hubermanlab.stanford.edu/publications/cadherin-6-mediates-axon-target-matching-non-image-forming-visual-circuit,https://doi.org/10.1016/j.neuron.2011.07.006,https://hubermanlab.stanford.edu/publications?page=2
44,Transgenic Mice Reveal Unexpected Diversity of On-Off Direction-Selective Retinal Ganglion Cell Subtypes and Brain Structures Involved in Motion Processing,"Rivlin-Etzion, M., Zhou, K., Wei, W., Elstrott, J., Nguyen, P., Barres, B., Huberman, A., & Feller, M. (2011). Transgenic Mice Reveal Unexpected Diversity of On-Off Direction-Selective Retinal Ganglion Cell Subtypes and Brain Structures Involved in Motion Processing. The Journal of Neuroscience, 31(24), 8760-8769. https://doi.org/10.1523/JNEUROSCI.0564-11.2011",https://hubermanlab.stanford.edu/publications/transgenic-mice-reveal-unexpected-diversity-direction-selective-retinal-ganglion-cell,https://doi.org/10.1523/JNEUROSCI.0564-11.2011,https://hubermanlab.stanford.edu/publications?page=2
45,The Down Syndrome Critical Region Regulates Retinogeniculate Refinement,"Blank, M., Fuerst, P., Stevens, B., Nouri, N., Kirkby, L., Warrier, D., Barres, B., Feller, M., Huberman, A., Burgess, R., & Garner, C. (2011). The Down Syndrome Critical Region Regulates Retinogeniculate Refinement. The Journal of Neuroscience, 31(15), 5764-5776. https://doi.org/10.1523/JNEUROSCI.6015-10.2011",https://hubermanlab.stanford.edu/publications/down-syndrome-critical-region-regulates-retinogeniculate-refinement,https://doi.org/10.1523/JNEUROSCI.6015-10.2011,https://hubermanlab.stanford.edu/publications?page=2
46,Emergence of Lamina-Specific Retinal Ganglion Cell Connectivity by Axon Arbor Retraction and Synapse Elimination,"Cheng, T.-W., Liu, X.-B., Faulkner, R., Stephan, A., Barres, B., Huberman, A., & Cheng, H.-J. (2010). Emergence of Lamina-Specific Retinal Ganglion Cell Connectivity by Axon Arbor Retraction and Synapse Elimination. The Journal of Neuroscience, 30(48), 16376-16382. https://doi.org/10.1523/JNEUROSCI.3455-10.2010",https://hubermanlab.stanford.edu/publications/emergence-lamina-specific-retinal-ganglion-cell-connectivity-axon-arbor-retraction-and,https://doi.org/10.1523/JNEUROSCI.3455-10.2010,https://hubermanlab.stanford.edu/publications?page=2
47,Molecular and Cellular Mechanisms of Lamina-specific Axon Targeting,"Huberman, A., Clandinin, T., & Baier, H. (2010). Molecular and Cellular Mechanisms of Lamina-specific Axon Targeting. Cold Spring Harbor Perspectives in Biology. https://cshperspectives.cshlp.org/content/2/3/a001743",https://cshperspectives.cshlp.org/content/2/3/a001743,,https://hubermanlab.stanford.edu/publications?page=2
48,Genetic Identification of an On-Off Direction- Selective Retinal Ganglion Cell Subtype Reveals a Layer-Specific Subcortical Map of Posterior Motion,"Huberman, A., Wei, W. ., Elstrott, J., Stafford, B., Feller, M., & Barres, B. (2009). Genetic Identification of an On-Off Direction- Selective Retinal Ganglion Cell Subtype Reveals a Layer-Specific Subcortical Map of Posterior Motion. Neuron, 62(3), 327-334. https://doi.org/10.1016/j.neuron.2009.04.014",https://hubermanlab.stanford.edu/publications/genetic-identification-direction-selective-retinal-ganglion-cell-subtype-reveals-layer,https://doi.org/10.1016/j.neuron.2009.04.014,https://hubermanlab.stanford.edu/publications?page=2
49,Architecture and Activity-Mediated Refinement of Axonal Projections from a Mosaic of Genetically Identified Retinal Ganglion Cells,"Huberman, A., Manu, M., Koch, S., Susman, M., Ullian, E., Baccus, S., & Barres, B. (2008). Architecture and Activity-Mediated Refinement of Axonal Projections from a Mosaic of Genetically Identified Retinal Ganglion Cells. Neuron, 59(3), 425-438. https://doi.org/10.1016/j.neuron.2008.07.018",https://hubermanlab.stanford.edu/publications/architecture-and-activity-mediated-refinement-axonal-projections-mosaic-genetically,https://doi.org/10.1016/j.neuron.2008.07.018,https://hubermanlab.stanford.edu/publications?page=2
50,Mechanisms Underlying Development of Visual Maps and Receptive Fields,"Huberman, A., Feller, M., & Chapman, B. (2008). Mechanisms Underlying Development of Visual Maps and Receptive Fields. Annual Review of Neuroscience. https://doi.org/10.1146/annurev.neuro.31.060407.125533",https://doi.org/10.1146/annurev.neuro.31.060407.125533,https://doi.org/10.1146/annurev.neuro.31.060407.125533,https://hubermanlab.stanford.edu/publications?page=2
51,The Classical Complement Cascade Mediates CNS Synapse Elimination,"The Classical Complement Cascade Mediates CNS Synapse Elimination. (2007). Cell, 131(6), 1034-1036. https://doi.org/10.1016/j.cell.2007.10.036",https://hubermanlab.stanford.edu/publications/classical-complement-cascade-mediates-cns-synapse-elimination,https://doi.org/10.1016/j.cell.2007.10.036,https://hubermanlab.stanford.edu/publications?page=2
52,Mechanisms of eye-specific visual circuit development,"Huberman, A. (2007). Mechanisms of eye-specific visual circuit development. Current Opinion in Neurobiology. https://doi.org/10.1016/j.conb.2007.01.005",https://doi.org/10.1016/j.conb.2007.01.005,https://doi.org/10.1016/j.conb.2007.01.005,https://hubermanlab.stanford.edu/publications?page=2
53,Nob Mice Wave Goodbye to Eye-Specific Segregation,"Huberman, A. (2006). Nob Mice Wave Goodbye to Eye-Specific Segregation. Neuron. https://doi.org/10.1016/j.neuron.2006.04.006",https://doi.org/10.1016/j.neuron.2006.04.006,https://doi.org/10.1016/j.neuron.2006.04.006,https://hubermanlab.stanford.edu/publications?page=2
54,Ephrin-As mediate targeting of eye-specific projections to the lateral geniculate nucleus,"Huberman, A., Murray, K., Warland, D., Feldheim, D., & Chapman, B. (2005). Ephrin-As mediate targeting of eye-specific projections to the lateral geniculate nucleus. Nature Neuroscience, 1013-1021. https://doi.org/10.1038/nn1505",https://hubermanlab.stanford.edu/publications/ephrin-mediate-targeting-eye-specific-projections-lateral-geniculate-nucleus,https://doi.org/10.1038/nn1505,https://hubermanlab.stanford.edu/publications?page=2
55,Eye-Specific Retinogeniculate Segregation Independent of Normal Neuronal Activity,"Huberman, A., Wang, G.-Y., Liets, L., Collins, O., Chapman, B., & Chalupa, L. (2003). Eye-Specific Retinogeniculate Segregation Independent of Normal Neuronal Activity. Science, 300(5621), 994-998. https://doi.org/10.1126/science.1080694",https://hubermanlab.stanford.edu/publications/eye-specific-retinogeniculate-segregation-independent-normal-neuronal-activity,https://doi.org/10.1126/science.1080694,https://hubermanlab.stanford.edu/publications?page=2
56,Decoupling Eye-Specific Segregation from Lamination in the Lateral Geniculate Nucleus,"Huberman, A., Stellwagen, D., & Chapman, B. (2002). Decoupling Eye-Specific Segregation from Lamination in the Lateral Geniculate Nucleus. The Journal of Neuroscience, 22(21), 9419-9429. https://doi.org/10.1523/JNEUROSCI.22-21-09419.2002",https://hubermanlab.stanford.edu/publications/visual-system/decoupling-eye-specific-segregation-lamination-lateral-geniculate,https://doi.org/10.1523/JNEUROSCI.22-21-09419.2002,https://hubermanlab.stanford.edu/publications?page=2
57,Finger-length ratios and sexual orientation,"Williams, T., Pepitone, M., Christensen, S., Cooke, B., Huberman, A., Breedlove, N., Breedlove, T., Jordan, C., & Breedlove, S. (2000). Finger-length ratios and sexual orientation. Nature, 404(6777), 455-456. https://doi.org/10.1038/35006555",https://hubermanlab.stanford.edu/publications/finger-length-ratios-and-sexual-orientation,https://doi.org/10.1038/35006555,https://hubermanlab.stanford.edu/publications?page=2
58,A dedicated circuit links direction-selective retinal ganglion cells to the primary visual cortex,"Cruz-Martín, A., El-Danaf, R., Osakada, F., Sriram, B., Dhande, O., Nguyen, P., Callaway, E., Ghosh, A., & Huberman, A. A dedicated circuit links direction-selective retinal ganglion cells to the primary visual cortex. Nature, 358-361. https://doi.org/10.1038/nature12989",https://hubermanlab.stanford.edu/publications/striate-cortex/dedicated-circuit-links-direction-selective-retinal-ganglion-cells,https://doi.org/10.1038/nature12989,https://hubermanlab.stanford.edu/publications?page=2
59,Milestones and Mechanisms for Generating Specific Synaptic Connections between the Eyes and the Brain,"Josten, N., & Huberman, A. Milestones and Mechanisms for Generating Specific Synaptic Connections between the Eyes and the Brain. Current Topics in Developmental Biology. https://doi.org/10.1016/S0070-2153(10)93008-1",https://hubermanlab.stanford.edu/publications/milestones-and-mechanisms-generating-specific-synaptic-connections-between-eyes-and,https://doi.org/10.1016/S0070-2153(10)93008-1,https://hubermanlab.stanford.edu/publications?page=2
